competitor_id,name,country,country_code,abbreviation
49363,"Pavic, Mate",Croatia,HRV,PAV
51836,"Arevalo-Gonzalez, Marcelo",El Salvador,SLV,ARE
87690,"Thompson, Jordan",Australia,AUS,THO
15568,"Granollers, Marcel",Spain,ESP,GRA
16160,"Zeballos, Horacio",Argentina,ARG,ZEB
16608,"Mektic, Nikola",Croatia,HRV,MEK
50954,"Koolhof, Wesley",Netherlands,NLD,KOO
95801,"Vavassori, Andrea",Italy,ITA,VAV
15310,"Bolelli, Simone",Italy,ITA,BOL
36593,"Krawietz, Kevin",Germany,DEU,KRA
52293,"Putz, Tim",Germany,DEU,PUT
124658,"Purcell, Max",Australia,AUS,PUR
16409,"Ebden, Matthew",Australia,AUS,EBD
637970,"Patten, Henry",Great Britain,GBR,PAT
15307,"Bopanna, Rohan",India,IND,BRO
14898,"Heliovaara, Harri",Finland,FIN,HEL
16151,"Venus, Michael",New Zealand,NZL,VEN
53785,"Skupski, Neal",Great Britain,GBR,SKU
55989,"Withrow, Jackson",USA,USA,WIT
210736,"Lammons, Nathaniel",USA,USA,LAM
38181,"Molteni, Andres",Argentina,ARG,MOL
15548,"Gonzalez, Maximo",Argentina,ARG,GON
59131,"Glasspool, Lloyd",Great Britain,GBR,GLA
52202,"Nys, Hugo",Monaco,MCO,NYS
112805,"Zielinski, Jan",Poland,POL,ZIE
16275,"Dodig, Ivan",Croatia,HRV,DOD
47834,"Murray, Jamie",Great Britain,GBR,MUR
14553,"Ram, Rajeev",USA,USA,RAM
106349,"Reboul, Fabien",France,FRA,REB
59324,"Pavlasek, Adam",Czechia,CZE,PAV
108099,"Cash, Julian",Great Britain,GBR,CAS
74173,"Salisbury, Joe",Great Britain,GBR,SAL
206889,"Galloway, Robert",USA,USA,GAL
56629,"Peers, John",Australia,AUS,PEE
104917,"Vliegen, Joran",Belgium,BEL,VLI
76263,"Matos, Rafael",Brazil,BRA,MAT
81059,"Gille, Sander",Belgium,BEL,GIL
106559,"Doumbia, Sadio",France,FRA,DOU
16124,"Melo, Marcelo",Brazil,BRA,MEL
14835,"Roger-Vasselin, Edouard",France,FRA,ROG
114831,"Erler, Alexander",Austria,AUT,ERL
25189,"Krajicek, Austin",USA,USA,KRA
45105,"Behar, Ariel",Uruguay,URY,BEH
47966,"Olivetti, Albano",France,FRA,OLI
15305,"Gonzalez, Santiago",Mexico,MEX,GON
78793,"Miedler, Lucas",Austria,AUT,MIE
48646,"Barrientos, Nicolas",Colombia,COL,BAR
22967,"Bhambri, Yuki",India,IND,BHA
300540,"Machac, Tomas",Czechia,CZE,MAC
75813,"Zhang, Zhizhen",China,CHN,ZHA
15588,"Rojer, Jean-Julien",Netherlands,NLD,ROJ
66864,"Arends, Sander",Netherlands,NLD,ARE
62410,"Johnson, Luke",Great Britain,GBR,JOH
69362,"Mansouri, Skander",Tunisia,TUN,MAN
108755,"Jebens, Hendrik",Germany,DEU,JEB
231188,"Frantzen, Constantin",Germany,DEU,FRA
230186,"Verbeek, Sem",Netherlands,NLD,VER
47295,"Andreozzi, Guido",Argentina,ARG,AND
49306,"Reyes-Varela, Miguel Angel",Mexico,MEX,REY
25457,"Nedovyesov, Aleksandr",Kazakhstan,KAZ,NED
16198,"Escobar, Gonzalo",Ecuador,ECU,ESC
104421,"Mies, Andreas",Germany,DEU,MIE
81763,"Jacq, Gregoire",France,FRA,JAC
231090,"Arribage, Theo",France,FRA,ARR
52244,"Balaji, N. Sriram",India,IND,BAL
121182,"Guinard, Manuel",France,FRA,GUI
111195,"Luz, Orlando",Brazil,BRA,LUZ
203681,"Korda, Sebastian",USA,USA,KOR
70348,"Goransson, Andre",Sweden,SWE,GOR
17038,"Smith, John-Patrick",Australia,AUS,SMI
16042,"Haase, Robin",Netherlands,NLD,HAA
918463,"Bollipalli, Rithvik Choudary",India,IND,BOL
41475,"Arneodo, Romain",Monaco,MCO,ARN
204781,"Nouza, Petr",Czechia,CZE,NOU
152900,"Rikl, Patrik",Czechia,CZE,RIK
127646,"Cabral, Francisco",Portugal,PRT,CAB
287215,"Seggerman, Ryan",USA,USA,SEG
23899,"King, Evan",USA,USA,KIN
223868,"Matuszewski, Piotr",Poland,POL,MAT
76361,"Kadhe, Arjun",India,IND,KAD
112969,"Schnaitter, Jakob",Germany,DEU,SCH
936355,"Wallner, Mark",Germany,DEU,WAL
16043,"Middelkoop, Matwe",Netherlands,NLD,MID
52065,"Harrison, Christian",USA,USA,HAR
47975,"Hanfmann, Yannick",Germany,DEU,HAN
63438,"McDonald, Mackenzie",USA,USA,MCD
129368,"Koepfer, Dominik",Germany,DEU,KOE
52263,"Hidalgo, Diego",Ecuador,ECU,HID
299130,"Hijikata, Rinky",Australia,AUS,HIJ
57163,"Zverev, Alexander",Germany,DEU,ZVE
1020797,"Trhac, Patrik",USA,USA,TRH
98413,"Drzewiecki, Karol",Poland,POL,DRZ
77653,"Cornea, Victor Vlad",Romania,ROU,COR
16992,"Willis, Marcus",Great Britain,GBR,WIL
73572,"Zormann, Marcelo",Brazil,BRA,ZOR
871495,"Michelsen, Alex",USA,USA,MIC
60920,"Nedunchezhiyan, Jeevan",India,IND,NED
147104,"Romios, Matthew Christopher",Australia,AUS,ROM
16492,"Eysseric, Jonathan",France,FRA,EYS
16823,"Romboli, Fernando",Brazil,BRA,ROM
16854,"Molchanov, Denys",Ukraine,UKR,MOL
808628,"Shelton, Ben",USA,USA,SHE
113221,"Niklas-Salminen, Patrik",Finland,FIN,NIK
197678,"Tsitsipas, Petros",Greece,GRC,TSI
121032,"Stalder, Reese",USA,USA,STA
47760,"Weissborn, Tristan-Samuel",Austria,AUT,WEI
50037,"Bortolotti, Marco",Italy,ITA,BOR
102151,"Tabilo, Alejandro",Chile,CHL,TAB
145936,"Kaliyanda Poonacha, Niki",India,IND,KAL
53759,"Prashanth, N. Vijay Sundar",India,IND,PRA
119150,"Fancutt, Thomas",Australia,AUS,FAN
77011,"Martos Gornes, Sergio",Spain,ESP,MAR
35766,"Begemann, Andre",Germany,DEU,BEG
14508,"Mahut, Nicolas",France,FRA,MAH
234124,"Stevens, Bart",Netherlands,NLD,STE
209202,"Chandrasekar, Anirudh",India,IND,CHA
163480,"Bublik, Alexander",Kazakhstan,KAZ,BUB
305776,"Soto, Matias",Chile,CHL,SOT
157396,"Veldheer, Mick",Netherlands,NLD,VEL
37637,"Zeballos, Federico",Bolivia,BOL,ZEB
54609,"Arias, Boris",Bolivia,BOL,ARI
69910,"Bergevi, Filip",Sweden,SWE,BER
25458,"Martinez, Luis David",Venezuela,VEN,MAR
42151,"Nam, Ji Sung",Republic of Korea,KOR,NAM
90080,"Khachanov, Karen",Neutral,No value,KHA
16573,"Demoliner, Marcelo",Brazil,BRA,DEM
234044,"Kirkov, Vasil",USA,USA,KIR
44637,"Rodriguez, Cristian",Colombia,COL,ROC
46391,"Struff, Jan-Lennard",Germany,DEU,STR
134610,"Blumberg, William",USA,USA,BLU
296270,"Stevenson, David",Great Britain,GBR,STE
111607,"Ingildsen, Johannes",Denmark,DNK,ING
263917,"Draxl, Liam",Canada,CAN,DRA
146040,"Gomez, Federico Agustin",Argentina,ARG,GOM
58877,"Ramanathan, Ramkumar",India,IND,RAM
52951,"Pel, David",Netherlands,NLD,PEL
405977,"Schoolkate, Tristan",Australia,AUS,SCH
39712,"Saville, Luke",Australia,AUS,SAV
243522,"Paul, Jakub",Switzerland,CHE,PAU
122368,"Griekspoor, Tallon",Netherlands,NLD,GRI
838776,"Tracy, James",USA,USA,TRA
78387,"Hach Verdugo, Hans",Mexico,MEX,HAC
15809,"Martin, Fabrice",France,FRA,MAR
119140,"Ellis, Blake",Australia,AUS,ELL
548169,"Yuzuki, Takeru",Japan,JPN,YUZ
256001,"Ho, Ray",Chinese Taipei,TPE,RAY
52260,"Vega, David",Spain,ESP,VEG
110707,"Pichler, David",Austria,AUT,PIC
113889,"Liutarevich, Ivan",Neutral,No value,LIU
393598,"Cash, Robert",USA,USA,CAS
342826,"Trotter, James Kent",Japan,JPN,TRO
92845,"Goldhoff, George",USA,USA,GOL
98981,"Jecan, Mircea-Alexandru",Romania,ROU,JEC
216502,"Broom, Charles",Great Britain,GBR,BRO
96859,"Lock, Benjamin",Zimbabwe,ZWE,LOC
195458,"Added, Dan",France,FRA,ADD
450383,"Harper, Cleeve",Canada,CAN,HAR
145008,"Uesugi, Kaito",Japan,JPN,UES
112061,"Walkow, Szymon",Poland,POL,WAL
95923,"Paris, Joshua",Great Britain,GBR,PAR
297502,"Bayldon, Blake",Australia,AUS,BAY
122366,"Tsitsipas, Stefanos",Greece,GRC,TSI
15275,"Matsui, Toshihide",Japan,JPN,MAT
240880,"Hilderbrand, Trey",USA,USA,HIL
136042,"Fritz, Taylor",USA,USA,FRI
124708,"Cukierman, Daniel",Israel,ISR,CUK
218344,"Lawson, Alex",USA,USA,LAW
204495,"Vocel, Matej",Czechia,CZE,VOC
43319,"Duran, Guillermo",Argentina,ARG,DUR
297448,"Kiger, Mac",USA,USA,KIG
84301,"Reese, Hunter",USA,USA,REE
250231,"Shimizu, Yuta",Japan,JPN,SHI
390480,"Watanabe, Seita",Japan,JPN,WAT
55745,"Negritu, Christoph",Germany,DEU,NEG
64920,"Myneni, Saketh",India,IND,MYN
628218,"Karol, Milos",Slovakia,SVK,KAR
50148,"Puttergill, Calum",Australia,AUS,PUT
72420,"Merino, Alexander",Peru,PER,MER
359602,"Musetti, Lorenzo",Italy,ITA,MUS
59700,"Isaro, Pruchya",Thailand,THA,ISA
141882,"Blancaneaux, Geoffrey",France,FRA,BLA
58989,"Sabanov, Matej",Serbia,SRB,SAB
55293,"Sabanov, Ivan",Serbia,SRB,SAB
84671,"Britto, Luis",Brazil,BRA,BRI
380004,"Harper, Patrick",Australia,AUS,HAR
671637,"Fils, Arthur",France,FRA,FIL
227358,"Walton, Adam",Australia,AUS,WAL
102339,"Van de Zandschulp, Botic",Netherlands,NLD,VAN
155860,"Lock, Courtney John",Zimbabwe,ZWE,LOC
25021,"Cervantes Huegun, Inigo",Spain,ESP,CER
221556,"Alves, Mateus",Brazil,BRA,ALV
108767,"Hassan, Benjamin",Lebanon,LBN,HAS
422955,"Sanchez, Luca",France,FRA,SAN
106395,"Ricca, Giorgio",Italy,ITA,RIC
263865,"Reynolds, Finn",New Zealand,NZL,REY
96629,"Duncan, Scott",Great Britain,GBR,DUN
82579,"Uchida, Kaichi",Japan,JPN,UCH
193930,"Sigouin, Benjamin",Canada,CAN,SIG
100069,"Sachko, Vitaliy",Ukraine,UKR,SAC
206879,"Eubanks, Christopher",USA,USA,EUB
89632,"Jarry, Nicolas",Chile,CHL,JAR
257721,"Baez, Sebastian",Argentina,ARG,BAE
169496,"Etcheverry, Tomas Martin",Argentina,ARG,ETC
530317,"Rincon, Daniel",Spain,ESP,RIN
163438,"Sun, Fajing",China,CHN,SUN
539343,"Kym, Jerome",Switzerland,CHE,KYM
284801,"Boyer, Tristan",USA,USA,BOY
280601,"Oberleitner, Neil",Austria,AUT,OBE
124930,"Safiullin, Roman",Neutral,No value,SAF
145108,"Bertola, Remy",Switzerland,CHE,BER
880089,"Pereira, Tiago",Portugal,PRT,PER
121122,"Freund, Simon",Sweden,SWE,FRE
99043,"Wang, Aoran",China,CHN,WAN
161448,"Jones, Ben",Great Britain,GBR,JON
168420,"Andrade, Andres",Ecuador,ECU,AND
17359,"Oswald, Philipp",Austria,AUT,OSW
284805,"Nava, Emilio",USA,USA,NAV
534043,"Darderi, Luciano",Italy,ITA,DAR
99377,"Kestelboim, Mariano",Argentina,ARG,KES
82133,"Dellien, Murkel",Bolivia,BOL,DEV
295508,"Vrbensky, Michael",Czechia,CZE,VRB
53483,"Masur, Daniel",Germany,DEU,MAS
448357,"Spizzirri, Eliot",USA,USA,SPI
48225,"Dutra Da Silva, Daniel",Brazil,BRA,DUT
132834,"Barrios Vera, Marcelo Tomas",Chile,CHL,BAR
289021,"Charlton, Joshua",Australia,AUS,CHA
120956,"Alcantara, Francis Casey",Philippines,PHL,ALC
428657,"Shelbayh, Abdullah",Jordan,JOR,SHE
96535,"Virgili, Augusto",Italy,ITA,VIR
396126,"Barnat, Jiri",Czechia,CZE,BAR
163538,"Donski, Alexander",Bulgaria,BGR,DON
55787,"Olivo, Renzo",Argentina,ARG,OLI
145112,"Huesler, Marc-Andrea",Switzerland,CHE,HUE
185434,"Rodriguez Taverna, Santiago",Argentina,ARG,ROD
395828,"Saraiva Dos Santos, Paulo Andre",Brazil,BRA,SAR
49548,"Manafov, Vladyslav",Ukraine,UKR,MAN
85877,"Villanueva, Gonzalo",Argentina,ARG,VIL
496346,"Stricker, Dominic",Switzerland,CHE,STR
77223,"Martinez, Pedro",Spain,ESP,MAR
161868,"Huertas Del Pino, Connor",Peru,PER,HUE
303808,"Nijboer, Ryan",Netherlands,NLD,NIJ
348308,"Sheehy, Joshua",USA,USA,SHE
49663,"Escoffier, Antoine",France,FRA,ESC
51974,"Daniell, Marcus",New Zealand,NZL,DAN
77501,"Wehnelt, Kai",Germany,DEU,WEH
106755,"Rublev, Andrey",Neutral,No value,RUB
682913,"Rocha, Henrique",Portugal,PRT,ROC
853643,"Romano, Filippo",Italy,ITA,ROM
79223,"Delaney, Jake",Australia,AUS,DEL
99587,"Chung, Yun Seong",Republic of Korea,KOR,CHU
352776,"Draper, Jack",Great Britain,GBR,DRA
399637,"Cobolli, Flavio",Italy,ITA,COB
125006,"Borges, Nuno",Portugal,PRT,BOR
255595,"Cerundolo, Francisco",Argentina,ARG,CER
552469,"Agafonov, Egor",Neutral,No value,AGA
686709,"Simakin, Ilia",Neutral,No value,SIM
161220,"Pavel, Bogdan",Romania,ROU,PAV
310972,"Banthia, Siddhant",India,IND,BAN
379924,"Whiting, Tennyson",USA,USA,WHI
51304,"Stevenson, Kelsey",Canada,CAN,STE
212004,"Rodionov, Jurij",Austria,AUT,ROD
40540,"Cacic, Nikola",Serbia,SRB,CAC
145122,"Martineau, Matteo",France,FRA,MAR
88992,"Muller, Alexandre",France,FRA,MUL
156664,"TE, Rigele",China,CHN,RIG
450283,"Mpetshi Perricard, Giovanni",France,FRA,MPE
169492,"Aboian, Leonardo",Argentina,ARG,ABO
196672,"Davis, James",Great Britain,GBR,DAV
412829,"Matsuda, Ryuki",Japan,JPN,MAT
398360,"Urrea, Andres",Colombia,COL,URR
44553,"Herbert, Pierre-Hugues",France,FRA,HER
154740,"Delaney, Jesse",Australia,AUS,DEL
927343,"Cadenasso, Gianluca",Italy,ITA,CAD
233144,"Duda, Filip",Czechia,CZE,DUD
67154,"Barrere, Gregoire",France,FRA,BAR
392066,"Navone, Mariano",Argentina,ARG,NAV
217192,"Ouakaa, Aziz",Tunisia,TUN,OUA
130436,"Habib, Hady",Lebanon,LBN,HAB
498580,"Aboian, Valerio",Argentina,ARG,ABO
94485,"Bonzi, Benjamin",France,FRA,BON
682911,"Faria, Jaime",Portugal,PRT,FAR
305558,"Roncadelli, Franco",Uruguay,URY,RON
322589,"Pujol Navarro, Bruno",Spain,ESP,PUJ
167370,"Ruusuvuori, Emil",Finland,FIN,RUU
104847,"Sonego, Lorenzo",Italy,ITA,SON
759900,"Lanik, Tomas",Slovakia,SVK,LAN
180104,"Reymond, Arthur",France,FRA,REY
308834,"Schachter, Noah",USA,USA,SCH
49417,"Tu, Li",Australia,AUS,TUL
170964,"Bittoun Kouzmine, Constantin",France,FRA,BIT
154490,"Pearson, Kody",Australia,AUS,PEA
93597,"Pellegrino, Andrea",Italy,ITA,PEL
154570,"Orlov, Vladyslav",Ukraine,UKR,ORL
723013,"Pokorny, Lukas",Slovakia,SVK,POK
38180,"Mena, Facundo",Argentina,ARG,MEN
121248,"Roveri Sidney, Gabriel",Brazil,BRA,ROV
57703,"Pouille, Lucas",France,FRA,POU
15931,"Brown, Dustin",Jamaica,JAM,BRO
51141,"Carballes Baena, Roberto",Spain,ESP,CAR
50360,"Margaroli, Luca",Switzerland,CHE,MAR
126402,"Denolly, Corentin",France,FRA,DEN
126622,Ruehl. Tim,Germany,DEU,RUE
645442,"Genov, Anthony",Bulgaria,BGR,GEN
103625,"Geerts, Michael",Belgium,BEL,GEE
603098,"Fery, Arthur",Great Britain,GBR,FER
774476,"Debru, Gabriel",France,FRA,DEB
226124,"Holmgren, August",Denmark,DNK,HOL
52276,"Krueger, Mitchell",USA,USA,KRU
220588,"Hsu, Yu Hsiou",Chinese Taipei,TPE,HSU
22962,"Jebavy, Roman",Czechia,CZE,JEB
205767,"Cretu, Cezar (2001)",Romania,ROU,CRE
251091,"Noguchi, Rio",Japan,JPN,NOG
645452,"Nesterov, Pyotr",Bulgaria,BGR,NES
767058,"Lobanov, Aleksandr",Neutral,No value,LOB
113905,"Moreno de Alboran, Nicolas",USA,USA,MAN
731833,"Kielan, Szymon",Poland,POL,KIE
163540,"Hermans, Mats",Netherlands,NLD,HER
126356,"Munar, Jaume",Spain,ESP,MUN
312436,"Hudd, Emile",Great Britain,GBR,HUD
452787,"Kumar, Pranav",USA,USA,KUM
437734,"Shin, Woobin",Republic of Korea,KOR,SHI
458575,"Agostini, Simone",Italy,ITA,AGO
223788,"Stepanov, Roy",Israel,ISR,STE
614090,"Pieczonka, Filip",Poland,POL,PIE
130442,"Rai, Ajeet",New Zealand,NZL,RAI
124934,"Lomakin, Grigoriy",Kazakhstan,KAZ,LOM
17046,"Statham, Rubin",New Zealand,NZL,STA
60614,"Poljak, David",Czechia,CZE,POL
132558,"Kolar, Zdenek",Czechia,CZE,KOL
207777,"Imamura, Masamichi",Japan,JPN,IMA
286367,"Krutykh, Oleksii",Ukraine,UKR,KRU
681071,"Ganta, Sai Karteek Reddy",India,IND,GAN
118166,"Bakshi, Aleksandre",Georgia,GEO,BAK
244388,"Kalyanpur, Adil",India,IND,KAL
121668,"Meligeni Alves, Felipe",Brazil,BRA,MEL
39726,"Kubler, Jason",Australia,AUS,KUB
429603,"Rune, Holger",Denmark,DNK,RUN
163504,"Medvedev, Daniil",Neutral,No value,MED
225050,"Sinner, Jannik",Italy,ITA,SIN
83397,"Ofner, Sebastian",Austria,AUT,OFN
116616,"Clarke, Jay",Great Britain,GBR,CLA
202735,"Carou, Ignacio",Uruguay,URY,CAR
655845,"Quinn, Ethan",USA,USA,QUI
381022,"Wendelken, Harry",Great Britain,GBR,WEN
671229,"Winter, Edward",Australia,AUS,WIN
263857,"De Krom, Michiel",Netherlands,NLD,DE
138712,"Oradini, Giovanni",Italy,ITA,ORA
193912,"Dev, S D Prajwal",India,IND,DEV
407791,"Mackinlay, James",Great Britain,GBR,MAC
65576,"Sakamoto, Pedro",Brazil,BRA,SAK
855911,"Hrazdil, Jan",Czechia,CZE,HRA
90798,"Halys, Quentin",France,FRA,HAL
58369,"Bolt, Alex",Australia,AUS,BOL
111609,"Barroso Campos, Alberto",Spain,ESP,BAR
679701,"Gueymard Wayenburg, Sascha",France,FRA,GUE
220590,"Huang, Tsung-Hao",Chinese Taipei,TPE,HUA
280559,"Catini, Niccolo",Italy,ITA,CAT
505542,"Grevelius, Erik",Sweden,SWE,GRE
51100,"Roca Batalla, Oriol",Spain,ESP,ROC
54903,"Karlovskiy, Evgeny",Neutral,No value,KAR
309954,"Droguet, Titouan",France,FRA,DRO
750283,"Isomura, Kokoro",Japan,JPN,ISO
620338,"Sharipov, Marat",Neutral,No value,SHA
16852,"Uzhylovskyi, Volodoymyr",Ukraine,UKR,UZV
739643,"Loof, Thijmen",Netherlands,NLD,LOO
947875,"Zhou, Yi",China,CHN,ZHO
437794,"Heinonen, Adam",Sweden,SWE,HEI
452691,"Araujo, Pedro",Portugal,PRT,ARA
240264,"Reis Da Silva, Joao Lucas",Brazil,BRA,REI
497320,"Visker, Niels",Netherlands,NLD,VIS
385204,"Verbin, Pavel",Neutral,No value,VER
214824,"Aguilar, Juan Carlos",Canada,CAN,AGU
215696,"Schell, Niklas",Germany,DEU,SCH
973963,"Watt, James",New Zealand,NZL,WAT
194668,"Wenger, Damien",Switzerland,CHE,WEN
95939,"Whitehouse, Mark",Great Britain,GBR,WHI
79227,"Sinclair, Colin",Northern Mariana Islands,MNP,SIN
43761,"Collarini, Andrea",Argentina,ARG,COL
976405,"Taguchi, Ryotaro",Japan,JPN,TAG
182086,"Bass, Finn",Great Britain,GBR,BAS
378220,"Huertas Del Pino Cordova, Arklon",Peru,PER,HUE
215492,"Cui, Jie",China,CHN,CUI
48281,"Rungkat, Christopher",Indonesia,IDN,RUN
240876,"Crawford, Oliver",Great Britain,GBR,CRA
156826,"van Wyk, Kris",South Africa,ZAF,VAN
57021,"Kovalik, Jozef",Slovakia,SVK,KOV
298118,"Summers, Matthew",Great Britain,GBR,SUM
64790,"Kalovelonis, Markos",Greece,GRC,KAL
208123,"Maginley, Jody",Antigua and Barbuda,ATG,MAG
763108,"Mensik, Jakub",Czechia,CZE,MEN
339377,"Lehecka, Jiri",Czechia,CZE,LEH
294300,"Nakashima, Brandon",USA,USA,NAK
185388,"Humbert, Ugo",France,FRA,HUM
287543,"Hulme, Matt",Australia,AUS,HUL
785974,"La Serna, Juan Manuel",Argentina,ARG,LA
272245,"Latinovic, Stefan",Serbia,SRB,LAT
205773,"Sanchez Jover, Carlos",Spain,ESP,SAN
435758,"Vanshelboim, Eric",Ukraine,UKR,VAN
229024,"Zahraj, Patrick",Germany,DEU,ZAH
93589,"Kellovsky, Dominik",Czechia,CZE,KEL
63606,"Rinderknech, Arthur",France,FRA,RIN
65606,"Agamenone, Franco",Italy,ITA,AGA
644676,"Milev, Yanaki",Bulgaria,BGR,MIL
138528,"Mejia, Nicolas",Colombia,COL,MEJ
76251,"Bobrov, Bogdan",Neutral,No value,BOB
359608,"Maestrelli, Francesco",Italy,ITA,MAE
16781,"Sharan, Divij",India,IND,SHA
321667,"Mayot, Harold",France,FRA,MAY
50901,"Popko, Dmitry",Kazakhstan,KAZ,POP
307112,"Erel, Yanki",Turkiye,TUR,ERE
439474,"Jermar, Jan",Czechia,CZE,JER
873679,"Bondioli, Federico",Italy,ITA,BON
405969,"Paulson, Andrew",Czechia,CZE,PAU
63642,"Kwiatkowski, Thai-Son",USA,USA,KWI
833418,"Del Pino, Mateo",Argentina,ARG,DEL
57759,"Oliveira, Gonzalo",Venezuela,VEN,OLI
564952,"Kusuhara, Yusuke",Japan,JPN,KUS
215778,"Izquierdo Luque, Rafael",Spain,ESP,IZQ
202681,"Marrero Curbelo, Ivan",Spain,ESP,MAR
119126,"Taylor, Adam (1991)",Australia,AUS,TAY
163636,"Klein, Lukas",Slovakia,SVK,KLE
119248,"Ruud, Casper",Norway,NOR,RUU
124656,"Vukic, Aleksandar",Australia,AUS,VUK
54573,"Coria, Federico",Argentina,ARG,COR
161262,"Seyboth Wild, Thiago",Brazil,BRA,SEY
144102,"Weis, Alexander",Italy,ITA,WEI
345060,"Kingsley, Cannon",USA,USA,KIN
951223,"Sanchez Quilez, Alejo",Spain,ESP,SAN
65992,"Paz, Juan Pablo",Argentina,ARG,PAZ
242556,"McHugh, Aidan",Great Britain,GBR,MCH
524256,"Beckley, Alec",South Africa,ZAF,BEC
565070,"Monday, Johannus",Great Britain,GBR,MON
418163,"Perfetti, Noah",Italy,ITA,PER
210502,"Kopp, Sandro",Austria,AUT,KOP
96239,"Durasovic, Viktor",Norway,NOR,DUR
210592,"Ribeiro, Eduardo",Brazil,BRA,RIB
54975,"Casanova, Hernan",Argentina,ARG,CAS
177686,"Barranco Cosano, Javier",Spain,ESP,BAR
186629,"Kirkin, Ergi",Turkiye,TUR,KIR
199196,"Sanchez Izquierdo, Nikolas",Spain,ESP,SAI
282183,"Rottoli, Lorenzo",Italy,ITA,ROT
104967,"Brouwer, Gijs",Netherlands,NLD,BRO
58783,"Song, Min-Kyu",Republic of Korea,KOR,SON
213170,"Blanchet, Ugo",France,FRA,BLA
15743,"Istomin, Denis",Uzbekistan,UZB,IST
180446,"Wessels, Louis",Germany,DEU,WES
301896,"Ovcharenko, Oleksandr",Ukraine,UKR,OVC
60592,"Lee, Jeamoon",Republic of Korea,KOR,LEE
111837,"Harris, Billy",Great Britain,GBR,HAR
152898,"Gengel, Marek",Czechia,CZE,GEN
373348,"Pucinelli de Almeida, Matheus",Brazil,BRA,PDA
114885,"Nikles, Johan",Switzerland,CHE,NIK
252233,"Tang, Sheng",China,CHN,TAN
137890,"Vale, Duarte",Portugal,PRT,VAL
978579,"Ghazouani Durand, Yanis",France,FRA,GHA
71280,"Kokkinakis, Thanasi",Australia,AUS,KOK
287541,"Sweeny, Dane",Australia,AUS,SWE
684577,"Muller, Rik",Netherlands,NLD,MUL
283759,"Chidekh, Clement",France,FRA,CHI
938667,"Schwaerzler, Joel",Austria,AUT,SCH
165234,"Vasa, Eero",Finland,FIN,VAS
447733,"Hands, Tom",Great Britain,GBR,HAN
256375,"Jeong, Yeongseok",Republic of Korea,KOR,JEO
387066,"Forejtek, Jonas",Czechia,CZE,FOR
570833,"Rodriguez Rodriguez, Johan Alexander",Colombia,COL,ROD
501410,"Hignett, Liam",Great Britain,GBR,HIG
246745,"Tajima, Naoki",Japan,JPN,TAJ
759758,"Sakellaridis, Dimitris",Greece,GRC,SAK
56361,"Sels, Jelle",Netherlands,NLD,SEL
130438,"Ponwith, Nathan",USA,USA,PON
57327,"Domingues, Joao",Portugal,PRT,DOM
100317,"Turker, Mert Naci",Turkiye,TUR,TUR
404753,"Saritas, Gokberk",Turkiye,TUR,SAR
269523,"Bax, Florent",France,FRA,BAX
997473,"Bernet, Henry",Switzerland,CHE,BER
107625,"Janvier, Maxime",France,FRA,JAN
686911,"Poljicak, Mili",Croatia,HRV,POL
217038,"Seeman, Johannes",Estonia,EST,SEE
322729,"Bueno Gil, Alvaro",Spain,ESP,BUE
220932,"Shin, Sanhui",Republic of Korea,KOR,SHI
403357,"Thayne, Wally",USA,USA,THA
418167,"Garcian, Axel",France,FRA,GAR
92667,"Castelnuovo, Luca",Switzerland,CHE,CAS
120926,"Libietis, Mikelis",Latvia,LVA,LIB
101157,"Rybakov, Alex",USA,USA,RYB
990785,"Zheng, Zhan",China,CHN,ZHE
327067,"Beloborodko, Illya",Ukraine,UKR,BI
62488,"Harris, Andrew",Australia,AUS,HAR
112987,"Handel, Tim",Germany,DEU,HAN
269535,"Potenza, Luca",Italy,ITA,POT
161874,"Corwin, Felix",USA,USA,COR
867575,"Massard, Loann",France,FRA,MAS
181384,"Sinha, Nitin Kumar",India,IND,SIN
113859,"Bellier, Antoine",Switzerland,CHE,BEL
268725,"Ramskogler, Gregor",Austria,AUT,RAM
609146,"Okonkwo, Oliver",Great Britain,GBR,OKO
120958,"Bertran, Peter",Dominican Republic,DOM,BER
373852,"Zink, Tyler",USA,USA,ZIN
801374,"Gea, Arthur",France,FRA,GEA
294248,"Hellum Lilleengen, Lukas",Norway,NOR,HEL
72376,"Siniakova, Katerina",Czechia,CZE,SIN
74949,"Routliffe, Erin",New Zealand,NZL,ROU
43860,"Dabrowski, Gabriela",Canada,CAN,DAB
51387,"Townsend, Taylor",USA,USA,TOW
41520,"Kichenok, Lyudmyla",Ukraine,UKR,KIC
18936,"Hsieh, Su-Wei",Chinese Taipei,TPE,HSI
64496,"Ostapenko, Jelena",Latvia,LVA,OST
78551,"Mertens, Elise",Belgium,BEL,MER
19202,"Errani, Sara",Italy,ITA,ERR
69208,"Paolini, Jasmine",Italy,ITA,PAO
64021,"Krawczyk, Desirae",USA,USA,KRA
46084,"Melichar-Martinez, Nicole",USA,USA,MEL
119670,"Perez, Ellen",Australia,AUS,PER
123824,"Dolehide, Caroline",USA,USA,DOL
19932,"Muhammad, Asia",USA,USA,MUH
48625,"Chan, Hao-Ching",Chinese Taipei,TPE,CHA
66968,"Kudermetova, Veronika",Neutral,No value,KUD
47810,"Khromacheva, Irina",Neutral,No value,KHR
18354,"Mattek-Sands, Bethanie",USA,USA,MAT
37508,"Siegemund, Laura",Germany,DEU,SIE
99131,"Bucsa, Cristina",Spain,ESP,BUC
91960,"Kenin, Sofia",USA,USA,KEN
69718,"Danilina, Anna",Kazakhstan,KAZ,DAN
50537,"Schuurs, Demi",Netherlands,NLD,SCH
373352,"Gauff, Coco",USA,USA,GAU
33593,"Mladenovic, Kristina",France,FRA,MLA
19607,"Zhang, Shuai",China,CHN,ZHA
96075,"Stefani, Luisa",Brazil,BRA,STE
60398,"Krejcikova, Barbora",Czechia,CZE,KRE
45835,"Hunter, Storm",Australia,AUS,HUN
24431,"Panova, Alexandra",Neutral,No value,PAN
289507,"Fernandez, Leylah Annie",Canada,CAN,FER
166124,"Olmos, Giuliana",Mexico,MEX,OLM
19655,"Niculescu, Monica",Romania,ROU,NIC
51481,"Sutjiadi, Aldila",Indonesia,IDN,SUT
153652,"Guo, Hanyu",China,CHN,GUO
588071,"Shnaider, Diana",Neutral,No value,SHN
66432,"Kato, Miyu",Japan,JPN,KAT
47801,"Eikeri, Ulrikke",Norway,NOR,EIK
129714,"Nicholls, Olivia",Great Britain,GBR,NIC
150122,"Jiang, Xinyu",China,CHN,JIA
142996,"Mihalikova, Tereza",Slovakia,SVK,MIH
70784,"Hozumi, Eri",Japan,JPN,HOZ
49682,"Kichenok, Nadiia",Ukraine,UKR,KIC
43547,"Aoyama, Shuko",Japan,JPN,AOY
138452,"Shibahara, Ena",Japan,JPN,SHI
19974,"Xu, Yifan",China,CHN,YIF
60392,"Sorribes Tormo, Sara",Spain,ESP,SOR
182178,"Wu, Fang-Hsien",Chinese Taipei,TPE,FAN
44834,"Pegula, Jessica",USA,USA,PEG
871583,"Andreeva, Mirra",Neutral,No value,AND
105463,"Bouzkova, Marie",Czechia,CZE,BOU
60668,"Ninomiya, Makoto",Japan,JPN,NIN
272217,"Wang, Xinyu",China,CHN,WAN
59702,"Haddad Maia, Beatriz",Brazil,BRA,HAD
43102,"Babos, Timea",Hungary,HUN,BAB
61606,"Sizikova, Yana",Neutral,No value,SIZ
103901,"Ruse, Elena-Gabriela",Romania,ROU,RUS
128584,"Samsonova, Liudmila",Neutral,No value,SAM
41524,"Krunic, Aleksandra",Serbia,SRB,KA
278887,"Kostyuk, Marta",Ukraine,UKR,KOS
67759,"Alexandrova, Ekaterina",Neutral,No value,ALE
53789,"Dart, Harriet",Great Britain,GBR,DAR
19731,"Piter, Katarzyna",Poland,POL,PIT
157672,"Stollar, Fanny",Hungary,HUN,STO
23158,"Stephens, Sloane",USA,USA,STE
401055,"Noskova, Linda",Czechia,CZE,NOS
135854,"Neel, Ingrid",Estonia,EST,NEE
47697,"Zheng, Saisai",China,CHN,ZHE
37504,"Kalashnikova, Oksana",Georgia,GEO,KAL
41877,"Yuan, Yue",China,CHN,YUA
52695,"Moratelli, Angelica",Italy,ITA,MOR
42339,"Garcia, Caroline",France,FRA,GAR
549759,"Krueger, Ashlyn",USA,USA,KRU
42289,"Linette, Magda",Poland,POL,LIN
256547,"Parks, Alycia",USA,USA,PAR
215476,"Siskova, Anna",Czechia,CZE,SIS
194106,"Tang, Qianhui",China,CHN,TAN
69602,"Lumsden, Maia",Great Britain,GBR,LUM
252223,"Rakhimova, Kamilla",Neutral,No value,RAK
52025,"Wang, Yafan",China,CHN,WAN
44977,"Santamaria, Sabrina",USA,USA,SAN
71754,"Gamarra Martins, Ingrid",Brazil,BRA,GAM
41404,"Watson, Heather",Great Britain,GBR,WAT
150574,"Bondar, Anna",Hungary,HUN,BON
18298,"Zvonareva, Vera",Neutral,No value,ZVO
73542,"Gleason, Quinn",USA,USA,GLE
234150,"Potapova, Anastasia",Neutral,No value,POT
42492,"Kawa, Katarzyna",Poland,POL,KAW
48451,"Cavalle-Reimers, Yvonne",Spain,ESP,CAV
54175,"Zimmermann, Kimberley",Belgium,BEL,ZIM
182054,"Skoch, Miriam",Czechia,CZE,SKO
168526,"Appleton, Emily",Great Britain,GBR,APP
262759,"Wang, Xiyu",China,CHN,WAN
173748,"Detiuc, Anastasia",Czechia,CZE,DET
179146,"Kalinskaya, Anna",Neutral,No value,KAL
49907,"Murray Sharan, Samantha",Great Britain,GBR,MUS
51651,"Rosatello, Camilla",Italy,ITA,ROS
92879,"Shymanovich, Iryna",Neutral,No value,SHY
228418,"Navarro, Emma",USA,USA,NAV
19546,"Pavlyuchenkova, Anastasia",Neutral,No value,PAV
88310,"Sherif Ahmed Abdelaziz, Maiar",Egypt,EGY,SHE
90664,"Kalinina, Anhelina",Ukraine,UKR,KAL
192130,"Blinkova, Anna",Neutral,No value,BLI
286435,"Gadecki, Olivia",Australia,AUS,GAD
45827,"Lechemia, Elixane",France,FRA,LEC
227486,"Zantedeschi, Aurora",Italy,ITA,ZAN
121760,"Anshba, Amina",Neutral,No value,ANS
45902,"Sasnovich, Aliaksandra",Neutral,No value,SAS
210558,"Jorge, Francisca",Portugal,PRT,JOR
45545,"Putintseva, Yulia",Kazakhstan,KAZ,PUT
51943,"Strakhova, Valeriya",Ukraine,UKR,STR
335171,"Uchijima, Moyuka",Japan,JPN,UCH
53288,"Silva, Eden",Great Britain,GBR,SIL
161270,"Salden, Lara",Belgium,BEL,SAL
360038,"Stearns, Peyton",USA,USA,STE
453301,"Jorge, Matilde",Portugal,PRT,JOR
378340,"Corley, Carmen",USA,USA,COR
67430,"Cascino, Estelle",France,FRA,CAS
418583,"Haverlag, Isabelle",Netherlands,NLD,HAV
318195,"Parry, Diane",France,FRA,PAR
19847,"Rus, Arantxa",Netherlands,NLD,RUS
52489,"Schoofs, Bibiane",Netherlands,NLD,SCH
118096,"Papadakis, Lena",Germany,DEU,PAP
72450,"Hibino, Nao",Japan,JPN,HIB
50915,"Plipuech, Peangtarn",Thailand,THA,PLI
235260,"Chwalinska, Maja",Poland,POL,CHW
215598,"Vedder, Eva",Netherlands,NLD,VED
143140,"Aney, Jessie",USA,USA,ANE
628178,"Brooks, Madeleine",Great Britain,GBR,BRO
303814,"Tikhonova, Anastasia",Neutral,No value,TIK
373354,"Cocciaretto, Elisabetta",Italy,ITA,COC
867519,"Tsao, Chia Yi",Chinese Taipei,TPE,TSA
473609,"Kubka, Martyna",Poland,POL,KUB
256447,"Monnet, Carole",France,FRA,MON
771430,"Naef, Celine",Switzerland,CHE,NAE
369524,"Erjavec, Veronika",Slovenia,SVN,ERJ
87090,"Chong, Eudice","Hong Kong, China",HKG,CHO
98607,"Chang, Sophie",USA,USA,CHA
147506,"Fourlis, Jaimee",Australia,AUS,FOU
64085,"Pigossi, Laura",Brazil,BRA,PIG
297588,"Romero Gormaz, Leyre",Spain,ESP,ROM
226306,"Corley, Ivana",USA,USA,COR
448121,"Rogers, Anna",USA,USA,ROG
133662,"Badosa, Paula",Spain,ESP,BAD
61526,"Thombare, Prarthana",India,IND,THO
345070,"Arseneault, Ariana",Canada,CAN,ARS
319455,"Baptiste, Hailey",USA,USA,BAP
108621,"Kempen, Magali",Belgium,BEL,KEM
91916,"Grey, Sarah Beth",Great Britain,GBR,GRE
46428,"Maleckova, Jesika",Czechia,CZE,MAL
799304,"Pridankina, Elena",Neutral,No value,PRI
152804,"Vondrousova, Marketa",Czechia,CZE,VON
227390,"Brancaccio, Nuria",Italy,ITA,BRA
208125,"Liang, En-Shuo",Chinese Taipei,TPE,LIA
189384,"Kulambayeva, Zhibek",Kazakhstan,KAZ,KUL
71284,"Bains, Naiktha",Great Britain,GBR,BAI
46528,"Perrin, Conny",Switzerland,CHE,PER
92877,"Fossa Huergo, Nicole",Italy,ITA,FOS
111189,"Zarazua, Renata",Mexico,MEX,ZAR
235252,"Kozyreva, Maria",Neutral,No value,KOZ
170880,"Kononova, Maria",Neutral,No value,KON
143146,"Smith, Alana",USA,USA,SMI
260987,"Osuigwe, Whitney",USA,USA,OSU
190882,"Aiava, Destanee",Australia,AUS,AIA
82609,"Grammatikopoulou, Valentini",Greece,GRC,GRA
137932,"Mikulskyte, Justina",Lithuania,LTU,MIK
325837,"Sakellaridi, Sapfo",Greece,GRC,SAK
102637,"McAdoo, Rasheeda",USA,USA,MCA
99429,"Hule, Petra",Australia,AUS,HUL
65610,"Wagner, Anita",Bosnia & Herzegovina,BIH,WAG
568715,"Semenistaja, Darja",Latvia,LVA,SEM
215806,"Hewitt, Dalayna",USA,USA,HEW
88494,"Christie, Freya",Great Britain,GBR,CHR
119216,"Herrero Linana, Alicia",Spain,ESP,HER
67757,"Pera, Bernarda",USA,USA,PER
120666,"Stojanovic, Nina",Serbia,SRB,STO
195408,"Shimizu, Ayano",Japan,JPN,SHI
569013,"Fernandez, Bianca Jolie",Canada,CAN,FER
41359,"Yashina, Ekaterina",Neutral,No value,YAS
87834,"Hon, Priscilla",Australia,AUS,HON
245673,"Feng, Shuo",China,CHN,FEN
805538,"Cross, Kayla",Canada,CAN,CRO
26120,"Marino, Rebecca",Canada,CAN,MAR
250285,"Falkowska, Weronika",Poland,POL,FAL
310984,"Sato, Naho",Japan,JPN,SAT
110299,"Zidansek, Tamara",Slovenia,SVN,ZID
608348,"Kupres, Mia",Canada,CAN,KUP
206995,"Rosca, Christina",USA,USA,ROS
119410,"Krywoj, Melany Solange",Argentina,ARG,KRY
52533,"Jakupovic, Dalila",Slovenia,SVN,JAK
448081,"Noha Akugue, Noma",Germany,DEU,NOH
160190,"Hartono, Arianne",Netherlands,NLD,HAR
45139,"Papamichail, Despina",Greece,GRC,PAP
49118,"Harrison, Catherine",USA,USA,HAR
119874,"Ibbou, Ines",Algeria,DZA,IBB
52183,"Bara, Irina Maria",Romania,ROU,BARA
662615,"Salkova, Dominika",Czechia,CZE,SAL
97031,"Christofi, Eleni",Greece,GRC,CHR
789688,"Ngounoue, Clervie",USA,USA,NGO
64315,"Kuwata, Hiroko",Japan,JPN,KUW
73500,"Loeb, Jamie",USA,USA,LOE
183957,"Kobori, Momoko",Japan,JPN,KOB
244216,"Giavara, Haley",USA,USA,GIA
378144,"Karatancheva, Lia",Bulgaria,BGR,KAR
93657,"Karamoko, Naima",Switzerland,CHE,KAR
156040,"Cho, I-Hsuan",Chinese Taipei,TPE,CHO
210670,"Cho, Yi Tsen",Chinese Taipei,TPE,CHO
105099,"Birrell, Kimberly",Australia,AUS,BIR
676251,"Wuerth, Tara",Croatia,HRV,WUR
59762,"Barnett, Alicia",Great Britain,GBR,BAR
242630,"Osorio, Camila",Colombia,COL,OSO
80427,"Osborne, Alexandra",Australia,AUS,OSB
70728,"Bhosale, Rutuja",India,IND,BHO
137990,"Failla, Jessica",USA,USA,FAI
72758,"Cristian, Jaqueline Adina",Romania,ROU,CRI
414533,"Abbagnato, Anastasia",Italy,ITA,ABB
416473,"Reyngold, Ekaterina",Neutral,No value,REY
192108,"Yastremska, Dayana",Ukraine,UKR,YAS
99405,"Inglis, Maddison",Australia,AUS,ING
203893,"Kucmova, Aneta",Czechia,CZE,KUC
762762,"Seidel, Ella",Germany,DEU,SEI
46625,"Raina, Ankita",India,IND,RAI
505998,"Zamarripa, Maribella",USA,USA,ZAM
904005,"Ibragimova, Alevtina",Neutral,No value,IBR
499098,"Ito, Aoi",Japan,JPN,ITO
148276,"Zheng, Wushuang",China,CHN,ZHE
45584,"Zhu, Lin",China,CHN,ZHU
675189,"Preston, Taylah",Australia,AUS,PRE
23688,"Moore, Tara",Great Britain,GBR,MOO
385206,"Radisic, Nika",Slovenia,SVN,RAD
43527,"Kumkhum, Luksika",Thailand,THA,KUM
776340,"Joint, Maya",Australia,AUS,JOI
79443,"Cabrera, Lizette",Australia,AUS,CAB
141892,"Carle, Maria",Argentina,ARG,CAR
763112,"Struplova, Julie",Czechia,CZE,STR
55401,"Jabeur, Ons",Tunisia,TUN,JAB
283489,"Imamura, Saki",Japan,JPN,IMA
282597,"Park, Sohyun",Republic of Korea,KOR,PAR
192572,"Portillo Ramirez, Maria Jose",Mexico,MEX,POR
181062,"Kung, Leonie",Switzerland,CHE,KUN
222546,"Kuzmova, Katarina",Slovakia,SVK,KUZ
136372,"Parnaby, Alana",Australia,AUS,PAR
59213,"Perez Garcia, Maria Paulina",Colombia,COL,PER
868599,"McDonald, Ella",Great Britain,GBR,MCD
353358,"Tran, Lian",Netherlands,NLD,TRA
731441,"Vargova, Nina",Slovakia,SVK,VAR
448613,"Falkner, Ziva",Slovenia,SVN,FAL
60028,"Zeballos Melgar, Noelia",Bolivia,BOL,ZEM
801396,"Gureva, Anastasiia",Neutral,No value,GUR
50655,"Friedsam, Anna-Lena",Germany,DEU,FRI
47985,"Marcinkevica, Diana",Latvia,LVA,MAR
341216,"Charaeva, Alina",Neutral,No value,CHA
194690,"Mateas, Maria",USA,USA,MAT
172590,"Burrage, Jodie Anna",Great Britain,GBR,BUR
233478,"Bayerlova, Michaela",Czechia,CZE,BAY
23082,"Rodionova, Arina",Australia,AUS,ROD
152106,"Zaar, Lisa",Sweden,SWE,ZAA
265553,"Naito, Yuki",Japan,JPN,NAI
807358,"Rakotomanga Rajaonah, Tiantsoa Sarah",France,FRA,RAK
70822,"Morisaki, Kanako",Japan,JPN,MOR
343066,"Hosogi, Sakura",Japan,JPN,HOS
366114,"Avanesyan, Elina",Armenia,ARM,AVA
87078,"Hourigan, Paige Mary",New Zealand,NZL,HOU
627278,"Eala, Alexandra",Philippines,PHL,EAL
409673,"Zelnickova, Radka",Slovakia,SVK,ZEL
110055,"Bronzetti, Lucia",Italy,ITA,BRO
132412,"Fita Boluda, Angela",Spain,ESP,FIT
496316,"Gimbrere, Jasmijn",Netherlands,NLD,GIM
202363,"Sun, Lulu",New Zealand,NZL,SUN
567285,"Hietaranta, Laura",Finland,FIN,HIE
86894,"Shinde, Vasanti",India,IND,SHI
355958,"Visscher, Stephanie Judith",Netherlands,NLD,VIS
845268,"Korneeva, Alina",Neutral,No value,KOR
194572,"Dartron, Emeline",France,FRA,DAR
45915,"Yang, Zhaoxuan",China,CHN,YAN
62924,"Boulter, Katie",Great Britain,GBR,BOU
46650,"Kolb, Nadia",Ukraine,UKR,KOL
67194,"Kolb, Maryna",Ukraine,UKR,KOL
233266,"Ovcharenko, Ekaterina",Neutral,No value,OVC
292540,"Matsuda, Misaki",Japan,JPN,MAT
75825,"Bektas, Emina",USA,USA,BEK
104929,"Tona, Miriana",Italy,ITA,TON
69988,"Korpatsch, Tamara",Germany,DEU,KOR
755469,"Todoni, Anca Alexia",Romania,ROU,TOD
673491,"Szabo, Briana",Romania,ROU,SZA
343294,"Kubanova, Karolina",Czechia,CZE,KUB
290994,"Wong, Hong Yi Cody","Hong Kong, China",HKG,WON
122668,"Daniel, Jaeda",USA,USA,DAN
812502,"Xu, Mingge",Great Britain,GBR,MIN
51315,"Anderson, Robin",USA,USA,AND
198498,"Hutchinson, Holly",Great Britain,GBR,HUT
115507,"Bolsova, Aliona",Spain,ESP,BOL
142942,"Bozovic, Alexandra",Australia,AUS,BOZ
870981,"Li, Yu-Yun",Chinese Taipei,TPE,YU-
278943,"Lansere, Sofya",Neutral,No value,LAN
517274,"Rajecki, Amelia",Great Britain,GBR,RAJ
202795,"Vismane, Daniela",Latvia,LVA,VIS
63220,"Ponchet, Jessika",France,FRA,PON
395740,"Bhamidipaty, Shrivalli Rashmikaa",India,IND,BHA
242602,"McNally, Catherine",USA,USA,MCC
41737,"Jang, Su Jeong",Republic of Korea,KOR,JAN
48486,"Gorgodze, Ekaterine",Georgia,GEO,GOR
337813,"Riera, Julia",Argentina,ARG,RIE
315663,"Barry, Monique",New Zealand,NZL,BAR
510530,"Abe, Hiromi",Japan,JPN,ABE
447703,"Sato, Hikaru",Japan,JPN,SAT
54397,"Tig, Patricia Maria",Romania,ROU,TIG
165866,"Miyazaki, Yuriko Lily",Great Britain,GBR,MIY
45900,"Marozava, Lidziya",Neutral,No value,MAR
226092,"Shimizu, Eri",Japan,JPN,SHI
225130,"Starodubtseva, Yuliia",Ukraine,UKR,STA
145930,"Hayashi, Erina",Japan,JPN,HAY
319349,"Rouvroy, Margaux",France,FRA,ROU
106341,"Knutson, Gabriela",Czechia,CZE,KNU
46273,"Dinu, Cristina",Romania,ROU,DIN
51477,"Mitu, Andreea",Romania,ROU,MIT
120664,"Pedretti, Thaisa Grana",Brazil,BRA,PED
445209,"Xiao, Zhenghua",China,CHN,XIA
129534,"Hruncakova, Viktoria",Slovakia,SVK,HRU
154806,"Laskutova, Ksenia",Russia,RUS,LAS
285629,"Hindova, Denisa",Czechia,CZE,HIN
138654,"Duerst, Jenny",Switzerland,CHE,DUE
153860,"Trevisan, Martina",Italy,ITA,TRE
70970,"Bhatia, Riya",India,IND,BHA
209716,"Mansouri, Yasmine",France,FRA,MAN
37638,"Sema, Erika",Japan,JPN,SEM
61922,"Drazic, Mariana",Croatia,HRV,DRA
63238,"Morderger, Yana",Germany,DEU,MOR
49963,"Omae, Akiko",Japan,JPN,OMA
337811,"Ortenzi, Jazmin",Argentina,ARG,ORT
217036,"Malygina, Elena",Estonia,EST,MAL
223862,"Laboutkova, Aneta",Czechia,CZE,LAB
213140,"Lene, Emma",France,FRA,LEN
282057,"Guo, Meiqi",China,CHN,GUO
345134,"Lee, Ya-Hsin",Chinese Taipei,TPE,LEE
137962,"Day, Kayla",USA,USA,DAY
132988,"MA, Yexin",China,CHN,YEX
936009,"van Emst, Sarah",Netherlands,NLD,VAN
25822,"Shapatava, Sofia",Georgia,GEO,SHA
153744,"Pereira, Rebeca",Brazil,BRA,PER
513582,"Chaudhari, Vaidehi",India,IND,CHA
731427,"Micic, Elena",Australia,AUS,MIC
467037,"Kudermetova, Polina",Neutral,No value,KUD
896765,"Ishii, Sayaka",Japan,JPN,ISH
280989,"Kawamura, Mana",Japan,JPN,KAW
289093,"Belgraver, Julie",France,FRA,BEL
213144,"Lemaitre, Tiphanie",France,FRA,LEM
849533,"Lin, Fang An",Chinese Taipei,TPE,LIN
406199,"Jacquemot, Elsa",France,FRA,JAC
190870,"Collins, Ali",Great Britain,GBR,COL
105063,"Gavrila, Oana",Romania,ROU,GAV
1020177,"Huang, Yujia",China,CHN,HUA
47876,"Shinikova, Isabella",Bulgaria,BGR,SHI
254553,"Nagy, Adrienn",Hungary,HUN,NAG
210716,"Lamens, Suzan",Netherlands,NLD,LAM
534045,"Gibson, Talia",Australia,AUS,GIB
329009,"Ryser, Valentina",Switzerland,CHE,RYS
588449,"Laskevich, Evialina",Neutral,No value,LAS
341112,"Zakharova, Anastasia",Neutral,No value,ZAK
403329,"Toth, Amarissa Kiara",Hungary,HUN,TOT
234398,"Nahimana, Sada",Burundi,BDI,NAH
813490,"Hobgarski, Katharina",Germany,DEU,HOB
586739,"Ambrosio, Silvia",Italy,ITA,AMB
906635,"Shubladze, Alexandra",Neutral,No value,SHU
565020,"Maklakova, Ekaterina",Neutral,No value,MAK
810694,"Okuwaki, Rinon",Japan,JPN,OKU
624838,"Shi, Han",China,CHN,SHI
745799,"Urgesi, Federica",Italy,ITA,URG
496378,"Yamazaki, Ikumi",Japan,JPN,YAM
54983,"Morderger, Tayisiya",Germany,DEU,MOR
99775,"Saigo, Yukina",Japan,JPN,SAI
280635,"Schmidt, Antonia",Germany,DEU,SCH
59662,"Sanchez, Ana Sofia",Mexico,MEX,SAN
182056,"Robbe, Alice",France,FRA,ROB
499484,"Montgomery, Robin",USA,USA,MON
119496,"McPhee, Kaylah",Australia,AUS,MCP
42864,"Lizarazo, Yuliana",Colombia,COL,LIZ
843378,"Perez Alarcon, Lucciana",Peru,PER,PER
750329,"Candiotto, Ana",Brazil,BRA,CAN
42459,"Rogers, Shelby",USA,USA,ROG
110803,"Minnen, Greet",Belgium,BEL,MIN
164852,"Okalova, Martina",Slovakia,SVK,OKA
750327,"Iatcenko, Polina",Neutral,No value,IAT
158636,"Prisacariu, Andreea",Romania,ROU,PRI
245295,"Waltert, Simona",Switzerland,CHE,WAL
283483,"Kozaki, Funa",Japan,JPN,KOZ
41355,"Bogdan, Ana",Romania,ROU,BOG
60276,"Podoroska, Nadia",Argentina,ARG,POD
20158,"Webley-Smith, Emily",Great Britain,GBR,WEB
152762,"Kuczer, Daria",Poland,POL,KUC
960043,"Zolotareva, Rada",Neutral,No value,ZOL
435794,"Zolotareva, Anastasia",Neutral,No value,ZOL
206957,"Nagata, Anri",Japan,JPN,NAG
348196,"Amariei, Ilinca Dalina",Romania,ROU,AMA
812476,"Zaytseva, Ksenia",Neutral,No value,ZAY
728549,"Valentova, Tereza",Czechia,CZE,VAL
741607,"Simunyu, Celine",Ireland,IRL,SIM
66516,"Ayukawa, Mana",Japan,JPN,AYU
48455,"Golubic, Viktorija",Switzerland,CHE,GOL
330689,"Kovapitukted, Punnin",Thailand,THA,KOV
202623,"Zavatska, Katarina",Ukraine,UKR,ZAV
1020859,"Pawlikowska,  Zuzanna",Poland,POL,PAW
299258,"Bartone, Kamilla",Latvia,LVA,BAR
196664,"Shalimova, Ekaterina",Neutral,No value,SHA
72634,"Ozeki, Michika",Japan,JPN,OZE
341238,"Boehner, Laura",Germany,DEU,BOE
18588,"Safarova, Lucie",Czechia,CZE,SAF
720625,"Radivojevic, Lola",Serbia,SRB,RAD
264117,"Bolton, Elysia",Australia,AUS,BOL
47948,"Rosolska, Alicja",Poland,POL,ROS
43196,"Dzalamidze, Natela",Georgia,GEO,DZA
40994,"Saville, Daria",Australia,AUS,SAV
41374,"Tomova, Viktoriya",Bulgaria,BGR,TOM
78785,"Rodriguez, Victoria",Mexico,MEX,ROD
782216,"Drugdova, Salma",Slovakia,SVK,DRU
19876,"Wickmayer, Yanina",Belgium,BEL,WIC
261583,"Li, Ann",USA,USA,ANN
80723,"Herazo Gonzalez, Maria Fernanda",Colombia,COL,HER
153748,"Jones, Makenna",USA,USA,JON
98523,"Ye, Qiu Yu",China,CHN,QIU
389048,"Weckerle, Marie",Luxembourg,LUX,WEC
171354,"Romero, Camila",Ecuador,ECU,ROM
201105,"Yuan, Chengyiyi",China,CHN,YUA
52388,"Hesse, Amandine",France,FRA,HES
64606,"Cabaj Awad, Jacqueline",Sweden,SWE,CAB
655811,"Avdeeva, Julia",Neutral,No value,AVD
827440,"Fedorova, Aglaya",Neutral,No value,FED
436690,"Tkacheva, Mariia",Neutral,No value,TKA
282219,"Sakatsume, Himeno",Japan,JPN,SAK
677411,"Barrera Aguirre, Isabella",USA,USA,BAR
134532,"You, Xiaodi",China,CHN,YOU
873729,"Bojica, Stefania",Romania,ROU,BOJ
34486,"Tomljanovic, Ajla",Australia,AUS,TOM
315623,"Wang, Jiaqi",China,CHN,WAN
49358,"Pattinama Kerkhove, Lesley",Netherlands,NLD,PAK
98105,"Matoula, Martha",Greece,GRC,MAT
58423,"Stevanovic, Natalija",Serbia,SRB,STE
78431,"Lodikova, Daria",Neutral,No value,LOD
119664,"Smith, Alicia",Australia,AUS,SMI
842594,"Li, Zongyu",China,CHN,ZON
569009,"Ccuno, Romina",Peru,PER,CCU
221510,"Chiesa, Enola",Italy,ITA,CHI
766176,"Di Girolami, Tilwith",Belgium,BEL,DI
58053,"Sharma, Astra",Australia,AUS,SHA
185412,"Labrana, Fernanda",Chile,CHL,LAB
840734,"Walker, Brandy",USA,USA,WAL
310982,"Naklo, Thasaporn",Thailand,THA,NAK
133080,"Hinojosa Gomez, Jessica",Mexico,MEX,HIN
153736,"Glushko, Lina",Israel,ISR,GLU
511932,"Kovaleva, Anastasia",Neutral,No value,KOV
535801,"Schunk, Nastasja",Germany,DEU,SCH
103375,"Serban, Raluca Georgiana",Cyprus,CYP,SER
831262,"Yamalapalli, Sahaja",India,IND,YAM
371556,"Jeong, Boyoung",Republic of Korea,KOR,JEO
517296,"Falei, Aliona",Neutral,No value,FAL
262023,"Wang, Meiling",China,CHN,WAN
54171,"Benoit, Marie",Belgium,BEL,BEN
246945,"Da Silva Fick, Gabriella",Australia,AUS,DA
171026,"Tsygourova, Katerina",Switzerland,CHE,TSY
1027517,"Ebeling Koning, Loes",Netherlands,NLD,EBE
838900,"Bowers, Ashton",USA,USA,BOW
341196,"Back, Dayeon",Republic of Korea,KOR,BAC
19704,"Martic, Petra",Croatia,HRV,MAR
71730,"Kulikov, Angela",USA,USA,KUL
380368,"Sebestova, Ivana",Czechia,CZE,SEB
124804,"Masarova, Rebeka",Switzerland,CHE,MAS
88290,"Bejenaru, Karola Patricia",Romania,ROU,BEJ
522848,"Rocchetti, Sofia",Italy,ITA,ROC
230108,"McGiffin, Tenika",Australia,AUS,MCG
522258,"Ricci, Beatrice",Italy,ITA,RIC
880229,"Cayetano, Eryn",USA,USA,CAY
583869,"Pavlou, Dimitra",Greece,GRC,PAV
130624,"Gasanova, Anastasia",Neutral,No value,GAS
111149,"Samir, Sandra",Egypt,EGY,SAM
595220,"Stakusic, Marina",Canada,CAN,STA
158690,"Vasilescu, Arina Gabriela",Romania,ROU,VAS
476218,"Kawaguchi, Natsumi",Japan,JPN,KAW
779706,"Hovde, Liv",USA,USA,HOV
739667,"Pedone, Giorgia",Italy,ITA,PED
342788,"Curmi, Francesca",Malta,MLT,CUR
291008,"Aikawa, Mayuka",Japan,JPN,AIK
265743,"Burdina, Evgeniya",Neutral,No value,BUR
46661,"Gamiz, Andrea",Venezuela,VEN,GAM
380396,"Kalieva, Elvina",USA,USA,KAL
915371,"van Den Broek, Isis Louise",Netherlands,NLD,VAN
329535,"Tauson, Clara",Denmark,DNK,TAU
784280,"Prozorova, Tatiana",Neutral,No value,PRO
751899,"Brace, Cadence",Canada,CAN,BRA
96981,"Xun, Fang Ying",China,CHN,XUN
46651,"Melnikova, Marina",Neutral,No value,MEL
675193,"Costoulas, Sofia",Belgium,BEL,COS
827398,"Stankovic, Anja",Serbia,SRB,STA
343160,"Volynets, Katie",USA,USA,VOL
686597,"Pavlova, Kira",Neutral,No value,PAV
833330,"Grechkina, Anastasia",Neutral,No value,GRE
447759,"Katsumi, Nanari",Japan,JPN,KAT
39425,"Savinykh, Valeria",Neutral,No value,SAV
69964,"Estable, Julieta",Argentina,ARG,EST
18350,"Voracova, Renata",Czechia,CZE,VOR
